month,green,brown,gmb,n_x,gmb_ew,gmb_within,gmb_reg,n_y
2023-07,0.07983067110370314,0.04751604637346004,0.032314624730243095,69,0.03159632155338166,0.05898207373179281,-0.0030447111834243437,68.0
2023-08,-0.10885851791845423,-0.04233364251394319,-0.06652487540451105,69,-0.04497824343108986,-0.06126580391039523,0.0027494649436035383,68.0
2023-09,0.0053964957275767665,-0.0005269332955368942,0.00592342902311366,69,-0.010779292665783355,-0.0103587309884377,-0.003042356148805841,69.0
2023-10,-0.06171792093005965,-0.06017206531865402,-0.0015458556114056332,69,-0.03181459274898429,-0.022751731097990724,-0.0019773042057581714,69.0
2023-11,0.006351941644482414,0.06454497490213577,-0.05819303325765336,69,-0.01430056668345119,-0.0022763337606577297,0.012945609941802083,69.0
2023-12,0.016827534517618165,-0.026015030974686992,0.042842565492305154,69,-0.0029624900922733833,-0.01001099090099391,0.022720811354981073,69.0
2024-01,-0.07841421856873912,-0.020240207533790293,-0.058174011034948826,69,-0.06015916735656239,-0.05907548478253881,0.0210805542603437,69.0
2024-02,0.09269096236040654,0.045987858884694977,0.04670310347571156,69,0.025576714145948545,0.05898244806166898,-0.024811909820050815,69.0
2024-03,0.004234178610392463,0.05438034643537286,-0.050146167824980395,69,-0.018351933345218396,0.027794434262081055,-0.004402106162558647,69.0
2024-04,0.0889549111656412,0.09420832990994234,-0.00525341874430113,69,0.020006897520724286,0.046761506434432144,-0.019028950151140422,69.0
2024-05,0.037332358586837124,0.061233870446707236,-0.023901511859870113,69,-0.05154687700015041,-0.03870581658559322,-0.005371505007105354,69.0
2024-06,-0.02097052691086297,0.018401113185542484,-0.03937164009640545,69,-0.033071725711502784,-0.010414655483928847,0.005519806499980607,69.0
2024-07,-0.007651726875765701,-0.06695197008099492,0.05930024320522922,75,-0.00018617226531032413,0.04501840070472112,0.014522728725834383,75.0
2024-08,0.04201583080440205,0.03856436543505509,0.0034514653693469566,75,-0.019145383027869094,-0.006252010895852554,-0.00158265776995856,75.0
2024-09,0.23554437946675388,0.056164480330627174,0.1793798991361267,75,0.15511696009444734,0.09886045096533905,-0.032062978764830066,75.0
2024-10,1.7887583295053436e-05,-0.032306276815581944,0.032324164398876996,75,-0.01969414777459557,0.0019506553556817782,0.00017210215208144858,75.0
2024-11,-0.03669305188068339,-0.023094534466618775,-0.013598517414064617,76,0.0192530842428698,-0.029548124228449994,0.02032798666441822,75.0
2024-12,0.06674532482433129,0.06592348559471785,0.0008218392296134441,76,-0.016303376877618177,-0.005785353538265495,-0.030347631654069385,75.0
2025-01,0.02135094883058957,-0.005310657133062866,0.026661605963652437,76,0.01492386160365196,0.04414733671920759,0.014932295770631486,75.0
2025-02,0.11071027715423098,0.05270618905536223,0.058004088098868756,76,0.04486125306074686,0.07393021182867324,-0.025113669677729024,75.0
2025-03,0.018256806935596285,0.04055696952916968,-0.022300162593573394,76,-0.004863554814929463,-0.013082646348390587,-0.015061010578821353,75.0
2025-04,-0.012140760757066627,-0.020171413917550406,0.00803065316048378,76,0.009373873550423304,0.004328919935799147,0.018797632098399016,75.0
2025-05,0.07930173930388595,0.06744302895624239,0.011858710347643561,76,0.014321530823765999,-0.030009374424738625,0.0007075153499075166,75.0
2025-06,0.1045857601085562,0.04665526613182056,0.05793049397673564,76,0.03405057499406113,0.033365536010897895,-0.002865518541875921,75.0
2025-07,-0.008623833294484151,0.08368448226638633,-0.09230831556087049,79,-0.051314224054156324,-0.07133939212253838,-0.0225656415369806,78.0
2025-08,0.018052949085517564,0.04609054225242245,-0.028037593166904885,79,0.031314741210007754,-0.02162161697903988,0.010381375279056164,78.0
2025-09,-9.017455631512635e-05,0.06275098241228011,-0.06284115696859524,79,-0.0060212147573636965,-0.05058391400985533,-0.006798023668196752,78.0
2025-10,-0.047785273469811415,0.0064479058432203385,-0.05423317931303175,79,-0.07626736671757345,-0.03496445132022737,-0.0001775408131866855,78.0
2025-11,0.0060727390850918925,0.006888319424270655,-0.0008155803391787621,79,-0.017924239724352566,0.011416084818374321,-0.009784930810504197,78.0
2025-12,0.0006192973627627257,-0.01932577157411621,0.01994506893687894,79,-0.01836960878829183,0.03481165446123048,0.011756168899299138,78.0
2026-01,0.04066176379464552,0.05261193953418157,-0.01195017573953605,79,-0.0019237974346947434,0.04606709804111045,-0.006053308066416152,78.0
2026-02,-0.009964729971463686,-0.038957079818763125,0.02899234984729944,79,-0.013886838351059253,0.054389772098498546,0.008710670392309426,78.0
2026-03,-0.04235834363753672,-0.022685206119775064,-0.019673137517761653,79,-0.04305376123676658,0.0038218636348714696,-0.00764752651269066,78.0
2026-04,0.016107051019975005,0.04748208897075033,-0.03137503795077533,79,-0.019837005827058458,-0.005734979362611432,0.005578159404302854,78.0
2026-05,0.009408927388584227,-0.03653576476772218,0.04594469215630641,79,0.009179884642950529,0.008528014311986062,0.008556371322257002,78.0
2026-06,-0.10902503716838896,-0.061104432113881765,-0.047920605054507195,79,-0.018982382346348137,-0.09612619038952927,0.026449351750015566,78.0
2026-07,0.16277606385997748,0.09975878557714547,0.063017278282832,73,0.02887020933971912,0.06985475033287816,-0.025847939325001103,72.0
2026-08,-0.009696428075666022,-0.007251096404946098,-0.0024453316707199243,73,0.007860948554964414,0.02500906455892139,0.01804375257368575,72.0
2026-09,-0.02888961159686577,-0.028824754688272967,-6.485690859280371e-05,73,-0.0007429898526785939,0.0004357731984552804,,
