firm_id,year,talk,walk,gap,talk_ambition,talk_specificity,talk_forward_looking_share,talk_hedging,talk_promotional_tone,walk_realised_reductions,walk_capital_deployed,walk_verification,walk_governance,walk_hard_data_consistency,walk_implementation_share,n_docs
0001.HK,2021,7.1,5.05,2.05,8.0,7.0,7.0,5.0,6.0,7.0,4.0,3.0,4.0,6.0,5.0,1.0
0001.HK,2022,7.8,5.05,2.75,9.0,8.0,8.0,4.0,6.0,5.0,2.0,6.0,7.0,8.0,4.0,1.0
0001.HK,2023,6.8,5.65,1.1499999999999997,8.0,7.0,6.0,4.0,6.0,7.0,3.0,5.0,6.0,8.0,5.0,1.0
0001.HK,2024,6.5,6.4,0.09999999999999964,8.0,7.0,5.0,4.0,6.0,8.0,7.0,2.0,6.0,8.0,6.0,1.0
0001.HK,2025,6.0,4.55,1.4500000000000002,6.0,5.0,6.0,4.0,6.0,5.0,4.0,2.0,7.0,6.0,4.0,1.0
0002.HK,2021,6.8,5.85,0.9500000000000001,8.0,7.0,6.0,5.0,6.0,5.0,7.0,6.0,5.0,6.0,6.0,1.0
0002.HK,2022,6.4,5.75,0.6500000000000004,7.0,6.0,6.0,4.0,6.0,6.0,5.0,7.0,4.0,7.0,5.0,1.0
0002.HK,2023,7.2,7.8,-0.5999999999999996,9.0,7.0,5.0,4.0,7.0,8.0,8.0,8.0,6.0,9.0,7.0,1.0
0002.HK,2024,6.4,6.75,-0.34999999999999964,7.0,7.0,6.0,4.0,6.0,7.0,6.0,8.0,5.0,8.0,6.0,1.0
0002.HK,2025,6.5,7.599999999999999,-1.0999999999999996,8.0,8.0,5.0,4.0,6.0,8.0,7.0,8.0,6.0,9.0,7.0,1.0
0003.HK,2022,8.0,3.95,4.05,8.0,6.0,8.0,5.0,8.0,2.0,3.0,8.0,6.0,3.0,4.0,1.0
0003.HK,2023,8.1,6.3,1.7999999999999998,9.0,6.0,7.0,4.0,8.0,5.0,6.0,8.0,7.0,8.0,5.0,1.0
0003.HK,2024,7.400000000000001,6.9,0.5,8.0,6.0,5.0,5.0,9.0,7.0,7.0,8.0,6.0,7.0,6.0,1.0
0003.HK,2025,8.1,6.85,1.25,9.0,6.0,6.0,4.0,9.0,8.0,3.0,9.0,5.0,9.0,7.0,1.0
0005.HK,2021,7.5,7.4,0.09999999999999964,9.0,8.0,6.0,5.0,7.0,8.0,7.0,8.0,7.0,8.0,6.0,1.0
0005.HK,2023,6.8,7.05,-0.25,8.0,7.0,6.0,5.0,6.0,8.0,7.0,8.0,5.0,8.0,5.0,1.0
0005.HK,2024,7.2,7.1000000000000005,0.09999999999999964,9.0,8.0,5.0,6.0,7.0,8.0,7.0,8.0,7.0,7.0,5.0,1.0
0005.HK,2025,5.0,4.2,0.7999999999999998,5.0,3.0,6.0,5.0,4.0,5.0,1.0,6.0,5.0,7.0,2.0,1.0
0006.HK,2021,7.1,4.8,2.3,8.0,6.0,6.0,5.0,7.0,5.0,5.0,4.0,6.0,4.0,5.0,1.0
0006.HK,2022,8.4,3.4,5.0,9.0,7.0,8.0,6.0,8.0,3.0,2.0,2.0,6.0,5.0,4.0,1.0
0006.HK,2023,7.4,4.7,2.7,8.0,7.0,7.0,6.0,7.0,5.0,2.0,6.0,5.0,6.0,5.0,1.0
0006.HK,2024,6.7,6.75,-0.04999999999999982,7.0,7.0,5.0,5.0,8.0,8.0,6.0,7.0,4.0,7.0,7.0,1.0
0006.HK,2025,6.2,7.449999999999999,-1.25,8.0,8.0,4.0,4.0,6.0,8.0,7.0,8.0,6.0,8.0,7.0,1.0
0012.HK,2021,6.7,4.9,1.7999999999999998,7.0,7.0,6.0,4.0,7.0,5.0,4.0,6.0,6.0,5.0,4.0,1.0
0012.HK,2022,7.0,4.2,2.8,7.0,7.0,6.0,5.0,8.0,5.0,3.0,4.0,4.0,5.0,4.0,1.0
0012.HK,2023,7.4,4.65,2.75,8.0,7.0,6.0,4.0,8.0,5.0,3.0,6.0,4.0,5.0,5.0,1.0
0012.HK,2024,7.1,5.8,1.2999999999999996,8.0,7.0,6.0,3.0,7.0,6.0,6.0,7.0,4.0,5.0,6.0,1.0
0012.HK,2025,7.0,4.95,2.05,7.0,6.0,6.0,5.0,8.0,4.0,4.0,7.0,6.0,5.0,5.0,1.0
0016.HK,2021,6.7,3.7000000000000006,3.0,7.0,5.0,6.0,5.0,7.0,2.0,3.0,5.0,5.0,5.0,4.0,1.0
0016.HK,2022,6.300000000000001,3.35,2.9500000000000006,6.0,3.0,6.0,5.0,7.0,1.0,2.0,6.0,6.0,5.0,3.0,1.0
0016.HK,2023,7.0,4.6,2.4000000000000004,7.0,4.0,6.0,4.0,8.0,4.0,3.0,6.0,6.0,5.0,5.0,1.0
0016.HK,2024,6.7,4.65,2.05,7.0,5.0,5.0,5.0,8.0,2.0,5.0,7.0,6.0,5.0,5.0,1.0
0066.HK,2021,7.099999999999999,4.75,2.3499999999999996,8.0,6.0,6.0,3.0,7.0,3.0,5.0,6.0,6.0,5.0,5.0,1.0
0066.HK,2022,6.400000000000001,4.6,1.8000000000000007,7.0,6.0,6.0,4.0,6.0,3.0,5.0,6.0,6.0,5.0,4.0,1.0
0066.HK,2023,7.400000000000001,4.4,3.0,8.0,7.0,7.0,6.0,7.0,2.0,4.0,7.0,7.0,5.0,4.0,1.0
0066.HK,2024,7.400000000000001,5.15,2.25,8.0,6.0,6.0,7.0,8.0,4.0,5.0,7.0,6.0,5.0,5.0,1.0
0066.HK,2025,7.7,4.5,3.2,8.0,6.0,7.0,4.0,8.0,2.0,5.0,6.0,6.0,5.0,5.0,1.0
0101.HK,2021,7.5,5.25,2.25,9.0,7.0,6.0,5.0,7.0,5.0,4.0,7.0,8.0,5.0,4.0,1.0
0101.HK,2022,7.8,4.55,3.25,9.0,8.0,6.0,3.0,8.0,2.0,5.0,7.0,5.0,5.0,5.0,1.0
0101.HK,2023,6.800000000000001,6.1,0.7000000000000011,8.0,7.0,5.0,4.0,7.0,8.0,4.0,7.0,6.0,5.0,6.0,1.0
0101.HK,2024,6.5,6.5,0.0,8.0,7.0,4.0,4.0,7.0,8.0,6.0,7.0,6.0,5.0,6.0,1.0
0101.HK,2025,7.5,6.3,1.2000000000000002,9.0,8.0,5.0,3.0,8.0,8.0,6.0,7.0,4.0,5.0,6.0,1.0
0267.HK,2021,6.0,4.05,1.9500000000000002,6.0,5.0,5.0,5.0,7.0,5.0,4.0,1.0,2.0,5.0,6.0,1.0
0267.HK,2022,6.400000000000001,4.3,2.1000000000000005,7.0,5.0,4.0,5.0,8.0,3.0,6.0,2.0,4.0,5.0,6.0,1.0
0267.HK,2023,6.300000000000001,2.65,3.650000000000001,6.0,2.0,6.0,5.0,7.0,1.0,1.0,4.0,4.0,5.0,3.0,1.0
0267.HK,2024,6.300000000000001,4.15,2.1500000000000004,6.0,5.0,5.0,6.0,8.0,4.0,5.0,3.0,2.0,5.0,5.0,1.0
0285.HK,2022,6.0,5.2,0.7999999999999998,6.0,6.0,5.0,5.0,7.0,7.0,3.0,4.0,6.0,5.0,6.0,1.0
0285.HK,2023,5.199999999999999,2.1,3.099999999999999,4.0,2.0,6.0,6.0,6.0,0.0,1.0,3.0,4.0,5.0,2.0,1.0
0285.HK,2024,5.8,1.75,4.05,4.0,2.0,8.0,6.0,6.0,0.0,2.0,0.0,3.0,5.0,2.0,1.0
0285.HK,2025,6.8,4.75,2.05,8.0,7.0,6.0,4.0,6.0,6.0,4.0,2.0,5.0,5.0,6.0,1.0
0300.HK,2024,5.599999999999999,3.0499999999999994,2.55,5.0,3.0,4.0,4.0,8.0,2.0,3.0,3.0,0.0,5.0,5.0,1.0
0300.HK,2025,6.1000000000000005,5.85,0.2500000000000009,7.0,7.0,4.0,3.0,7.0,5.0,7.0,7.0,5.0,5.0,6.0,1.0
0316.HK,2025,7.0,5.8,1.2000000000000002,7.0,6.0,6.0,5.0,8.0,5.0,7.0,6.0,6.0,5.0,6.0,1.0
